{"cameraMode":{"drawMode":0,"name":"Shaded","section":"Shading Mode"},"sceneLighting":false,"audioPlay":false,"sceneViewState":{"m_AlwaysRefresh":false,"showFog":true,"showSkybox":false,"showFlares":true,"showImageEffects":true,"showParticleSystems":true,"showVisualEffectGraphs":true,"m_FxEnabled":true},"in2DMode":false,"pivot":{"x":0.005999922752380371,"y":2.3897690773010256,"z":3.0089807510375978},"rotation":{"x":0.035544440150260928,"y":0.7635526061058044,"z":0.04218403995037079,"w":-0.6433913111686707},"size":1.801130771636963,"orthographic":false}