{"cameraMode":{"drawMode":0,"name":"Shaded","section":"Shading Mode"},"sceneLighting":false,"audioPlay":false,"sceneViewState":{"m_AlwaysRefresh":false,"showFog":true,"showSkybox":false,"showFlares":true,"showImageEffects":true,"showParticleSystems":true,"showVisualEffectGraphs":true,"m_FxEnabled":true},"in2DMode":false,"pivot":{"x":-0.5099999904632568,"y":-0.18000000715255738,"z":-0.020000025629997255},"rotation":{"x":0.035544440150260928,"y":0.7635526061058044,"z":0.04218403995037079,"w":-0.6433913111686707},"size":0.17320522665977479,"orthographic":false}