{"cameraMode":{"drawMode":0,"name":"Shaded","section":"Shading Mode"},"sceneLighting":false,"audioPlay":false,"sceneViewState":{"m_AlwaysRefresh":false,"showFog":true,"showSkybox":false,"showFlares":true,"showImageEffects":true,"showParticleSystems":true,"showVisualEffectGraphs":true,"m_FxEnabled":true},"in2DMode":false,"pivot":{"x":1.4517124891281129,"y":1.978361964225769,"z":-2.936030149459839},"rotation":{"x":0.035544440150260928,"y":0.7635526061058044,"z":0.04218403995037079,"w":-0.6433913111686707},"size":2.6856281757354738,"orthographic":false}