{"cameraMode":{"drawMode":0,"name":"Shaded","section":"Shading Mode"},"sceneLighting":false,"audioPlay":false,"sceneViewState":{"m_AlwaysRefresh":false,"showFog":true,"showSkybox":false,"showFlares":true,"showImageEffects":true,"showParticleSystems":true,"showVisualEffectGraphs":true,"m_FxEnabled":true},"in2DMode":false,"pivot":{"x":-0.31089335680007937,"y":-0.17656391859054566,"z":-0.02579091303050518},"rotation":{"x":0.001219515223056078,"y":0.9967026710510254,"z":-0.07971589267253876,"w":0.015251858159899712},"size":0.5188789963722229,"orthographic":false}