{"cameraMode":{"drawMode":0,"name":"Shaded","section":"Shading Mode"},"sceneLighting":false,"audioPlay":false,"sceneViewState":{"m_AlwaysRefresh":false,"showFog":true,"showSkybox":false,"showFlares":true,"showImageEffects":true,"showParticleSystems":true,"showVisualEffectGraphs":true,"m_FxEnabled":true},"in2DMode":false,"pivot":{"x":10.999634742736817,"y":0.9481234550476074,"z":-3.955576181411743},"rotation":{"x":0.001219515223056078,"y":0.9967026710510254,"z":-0.07971589267253876,"w":0.015251858159899712},"size":1.599877119064331,"orthographic":false}