{"cameraMode":{"drawMode":0,"name":"Shaded","section":"Shading Mode"},"sceneLighting":false,"audioPlay":false,"sceneViewState":{"m_AlwaysRefresh":false,"showFog":true,"showSkybox":false,"showFlares":true,"showImageEffects":true,"showParticleSystems":true,"showVisualEffectGraphs":true,"m_FxEnabled":true},"in2DMode":false,"pivot":{"x":-0.026818811893463136,"y":1.9587008953094483,"z":-2.9553699493408205},"rotation":{"x":-0.015015795826911927,"y":0.8810896873474121,"z":-0.02803661674261093,"w":-0.4718872606754303},"size":1.6844855546951295,"orthographic":false}